eligible,turnout,voters
21769,21.53,4686
1568,26.59,417
21769,21.53,4686
21769,21.53,4686
21769,21.53,4686
21769,21.53,4686
21769,21.53,4686
21769,21.53,4686
21769,21.53,4686
21769,21.53,4686
21769,21.53,4686
17539,29.68,5205
39682,30.77,12209
17539,29.68,5205
17539,29.68,5205
13802,24.94,3442
17539,29.68,5205
21769,21.53,4686
21769,21.53,4686
21769,21.53,4686
21769,21.53,4686
21769,21.53,4686
17539,29.68,5205
17539,29.68,5205
21769,21.53,4686
21769,21.53,4686
2251,27.14,611
21769,21.53,4686
21769,21.53,4686
17539,29.68,5205
21769,21.53,4686
17539,29.68,5205
21769,21.53,4686
21769,21.53,4686
21769,21.53,4686
17539,29.68,5205
17539,29.68,5205
7958,27.9,2220
17539,29.68,5205
17539,29.68,5205
1568,26.59,417
1568,26.59,417
1568,26.59,417
1568,26.59,417
1568,26.59,417
1568,26.59,417
1568,26.59,417
1568,26.59,417
1568,26.59,417
1568,26.59,417
1568,26.59,417
1568,26.59,417
1568,26.59,417
1568,26.59,417
1568,26.59,417
12941,24.97,3231
1568,26.59,417
1568,26.59,417
1568,26.59,417
1568,26.59,417
1568,26.59,417
1568,26.59,417
1568,26.59,417
1568,26.59,417
1568,26.59,417
1568,26.59,417
6574,32.25,2120
1568,26.59,417
1568,26.59,417
21769,21.53,4686
21769,21.53,4686
21769,21.53,4686
21769,21.53,4686
21769,21.53,4686
21769,21.53,4686
2824,29.92,845
21769,21.53,4686
21769,21.53,4686
21769,21.53,4686
21769,21.53,4686
17539,29.68,5205
17539,29.68,5205
7958,27.9,2220
7958,27.9,2220
17539,29.68,5205
17539,29.68,5205
7958,27.9,2220
17539,29.68,5205
17539,29.68,5205
1647,24.89,410
1647,24.89,410
17539,29.68,5205
17539,29.68,5205
17539,29.68,5205
17539,29.68,5205
17539,29.68,5205
17539,29.68,5205
17539,29.68,5205
17539,29.68,5205
17539,29.68,5205
17539,29.68,5205
17539,29.68,5205
17539,29.68,5205
17539,29.68,5205
17539,29.68,5205
17539,29.68,5205
1152,34.9,402
1152,34.9,402
1152,34.9,402
1152,34.9,402
1728,34.78,601
1152,34.9,402
1728,34.78,601
1728,34.78,601
1728,34.78,601
1728,34.78,601
7621,23.05,1757
1294,26.97,349
17930,20.44,3664
21769,21.53,4686
2251,27.14,611
8026,28.93,2322
4351,23.53,1024
1728,34.78,601
6625,28.77,1906
270,47.41,128
3116,27.02,842
3071,31.36,963
7958,27.9,2220
4957,26.49,1313
1647,24.89,410
17539,29.68,5205
1108,28.25,313
343,25.95,89
1152,34.9,402
4762,31.14,1483
343,25.95,89
343,25.95,89
343,25.95,89
343,25.95,89
343,25.95,89
343,25.95,89
343,25.95,89
343,25.95,89
343,25.95,89
343,25.95,89
14477,27.23,3942
3889,30.44,1184
343,25.95,89
343,25.95,89
343,25.95,89
7073,33.54,2372
343,25.95,89
343,25.95,89
343,25.95,89
343,25.95,89
1425,47.79,681
6910,35.7,2467
778,31.23,243
1537,44.37,682
624,34.13,213
2523,31.11,785
2728,32.62,890
3873,38.34,1485
1908,38.26,730
462,45.89,212
840,33.57,282
14588,33.53,4892
2900,35.24,1022
669,49.03,328
2248,34.25,770
3409,35.05,1195
2060,50.29,1036
2239,39.93,894
2925,31.08,909
6171,35.2,2172
879,40.5,356
1378,39.7,547
510,45.69,233
875,48.23,422
5629,27.25,1534
2748,32.13,883
1067,40.49,432
2221,52.99,1177
2133,29.54,630
1562,41.29,645
3199,31.63,1012
460,42.39,195
8665,35.6,3085
5863,34.71,2035
6007,37.64,2261
1000,50.7,507
546,38.83,212
576,62.5,360
27484,36.26,9966
1714,36.35,623
1831,41.13,753
1802,44.23,797
956,44.46,425
4551,38.12,1735
1863,27.27,508
687,48.47,333
1249,25.7,321
494,40.28,199
3034,25.48,773
20341,30.28,6159
3940,34.9,1375
338,43.79,148
2078,24.93,518
1524,29.92,456
2361,28.59,675
347,55.62,193
4113,34.28,1410
283,34.63,98
9983,27.18,2713
430,34.19,147
211,28.44,60
418,35.89,150
244,36.89,90
5522,30.28,1672
4092,34.87,1427
906,29.25,265
432,39.35,170
2110,26.35,556
235,39.57,93
13600,28.75,3910
319,35.42,113
5089,37.3,1898
2678,34.35,920
986,28.8,284
299,30.43,91
230,40.87,94
4392,29.42,1292
2616,34.48,902
1909,40.81,779
1161,49.96,580
1294,25.27,327
1849,37.97,702
2592,36.19,938
2291,29.73,681
5779,38.14,2204
3212,36.71,1179
1934,29.99,580
677,45.94,311
1211,40.3,488
778,29.69,231
1084,41.51,450
249,26.91,67
1253,37.51,470
1317,45.33,597
1207,33.39,403
897,24.64,221
1377,33.12,456
1713,26.09,447
1394,49.5,690
1080,42.31,457
1091,44.09,481
10508,27.76,2917
2905,23.99,697
395,24.56,97
343,25.95,89
343,25.95,89
3890,28.3,1101
6216,27.04,1681
343,25.95,89
343,25.95,89
343,25.95,89
343,25.95,89
343,25.95,89
343,25.95,89
343,25.95,89
343,25.95,89
343,25.95,89
343,25.95,89
3171,20.69,656
343,25.95,89
343,25.95,89
343,25.95,89
343,25.95,89
343,25.95,89
2141,30.45,652
3855,28.74,1108
4718,31.28,1476
1839,28.11,517
10367,27.84,2886
2679,28.41,761
343,25.95,89
343,25.95,89
1801,33.65,606
38680,29.52,11419
343,25.95,89
3314,28.0,928
1539,33.4,514
9014,30.47,2747
2269,26.05,591
2293,29.44,675
2854,31.29,893
2293,29.44,675
2293,29.44,675
3166,37.24,1179
2347,33.36,783
2293,29.44,675
2293,29.44,675
12719,28.01,3563
2293,29.44,675
2293,29.44,675
2293,29.44,675
2293,29.44,675
2293,29.44,675
2293,29.44,675
2293,29.44,675
2293,29.44,675
2293,29.44,675
2293,29.44,675
2293,29.44,675
2293,29.44,675
2293,29.44,675
2293,29.44,675
2293,29.44,675
2293,29.44,675
2293,29.44,675
2293,29.44,675
2293,29.44,675
2293,29.44,675
2293,29.44,675
2293,29.44,675
2293,29.44,675
2293,29.44,675
2293,29.44,675
2293,29.44,675
9126,31.7,2893
2293,29.44,675
2293,29.44,675
2293,29.44,675
2293,29.44,675
2293,29.44,675
2293,29.44,675
2293,29.44,675
2293,29.44,675
2293,29.44,675
2293,29.44,675
2293,29.44,675
2293,29.44,675
2293,29.44,675
2293,29.44,675
2293,29.44,675
2293,29.44,675
2293,29.44,675
2293,29.44,675
2293,29.44,675
2293,29.44,675
2293,29.44,675
2293,29.44,675
2293,29.44,675
2293,29.44,675
2293,29.44,675
2293,29.44,675
2293,29.44,675
477,38.36,183
2509,28.94,726
1758,33.39,587
2293,29.44,675
871,40.07,349
871,40.07,349
871,40.07,349
7051,31.0,2186
871,40.07,349
871,40.07,349
2293,29.44,675
344,43.6,150
688,31.83,219
871,40.07,349
871,40.07,349
871,40.07,349
871,40.07,349
725,35.31,256
683,44.95,307
871,40.07,349
4067,45.34,1844
871,40.07,349
871,40.07,349
871,40.07,349
871,40.07,349
871,40.07,349
459,30.72,141
493,29.82,147
871,40.07,349
784,40.18,315
784,40.18,315
784,40.18,315
784,40.18,315
784,40.18,315
784,40.18,315
784,40.18,315
519,27.75,144
784,40.18,315
784,40.18,315
784,40.18,315
784,40.18,315
784,40.18,315
784,40.18,315
784,40.18,315
784,40.18,315
784,40.18,315
1155,35.58,411
784,40.18,315
989,38.22,378
228,42.98,98
647,34.0,220
1046,39.39,412
949,36.56,347
957,29.99,287
802,29.43,236
727,40.99,298
3518,31.58,1111
1282,40.25,516
529,38.56,204
333,39.64,132
608,27.47,167
4754,39.76,1890
376,40.69,153
1048,40.36,423
909,41.36,376
2697,40.56,1094
571,36.95,211
845,40.71,344
1044,28.07,293
2437,30.28,738
787,40.66,320
948,38.5,365
1699,39.73,675
802,35.79,287
714,38.94,278
334,39.22,131
695,38.99,271
4101,26.87,1102
4564,34.07,1555
880,39.55,348
2501,43.1,1078
917,39.04,358
745,31.14,232
574,45.3,260
955,40.52,387
917,39.04,358
3039,35.7,1085
828,46.5,385
873,41.7,364
11057,32.02,3541
11057,32.02,3541
11057,32.02,3541
11057,32.02,3541
11057,32.02,3541
11057,32.02,3541
11057,32.02,3541
11057,32.02,3541
11057,32.02,3541
11057,32.02,3541
11057,32.02,3541
11057,32.02,3541
1313,39.68,521
11057,32.02,3541
11057,32.02,3541
11057,32.02,3541
11057,32.02,3541
1276,38.32,489
11057,32.02,3541
11057,32.02,3541
5389,43.5,2344
11057,32.02,3541
11057,32.02,3541
11057,32.02,3541
11057,32.02,3541
11057,32.02,3541
1447,50.38,729
1803,36.16,652
629,52.15,328
930,47.31,440
1204,44.35,534
1258,44.67,562
5373,30.88,1659
11057,32.02,3541
871,46.15,402
3807,35.72,1360
11890,36.49,4339
1770,40.56,718
802,53.74,431
8785,32.9,2890
1526,38.99,595
1233,37.06,457
6707,36.28,2433
915,34.97,320
873,33.91,296
506,36.56,185
872,45.76,399
9080,33.38,3031
699,38.77,271
4374,36.92,1615
1609,32.38,521
485,33.81,164
1057,37.18,393
2454,45.03,1105
1196,49.58,593
484,41.94,203
962,41.16,396
626,43.45,272
2631,37.74,993
500,36.8,184
1420,29.15,414
789,39.16,309
7675,24.99,1918
2454,33.86,831
338,41.42,140
808,42.82,346
1457,39.53,576
440,44.09,194
387,42.64,165
2182,27.82,607
9230,39.11,3610
440,44.09,194
464,39.66,184
985,37.66,371
1005,36.82,370
605,27.27,165
841,21.17,178
1980,39.24,777
2269,42.79,971
298,43.96,131
793,38.84,308
2385,33.46,798
661,47.05,311
1341,38.03,510
734,50.27,369
15893,33.65,5348
15893,33.65,5348
15893,33.65,5348
15893,33.65,5348
15893,33.65,5348
15893,33.65,5348
15893,33.65,5348
15893,33.65,5348
15893,33.65,5348
15893,33.65,5348
15893,33.65,5348
15893,33.65,5348
1059,37.02,392
15893,33.65,5348
15893,33.65,5348
15893,33.65,5348
15893,33.65,5348
15893,33.65,5348
15893,33.65,5348
15893,33.65,5348
15893,33.65,5348
5173,33.08,1711
1470,34.01,500
5173,33.08,1711
15893,33.65,5348
5173,33.08,1711
14996,37.54,5630
1059,34.28,363
14996,37.54,5630
1749,32.76,573
1098,35.34,388
700,44.14,309
6010,31.41,1888
1154,40.64,469
608,42.93,261
4826,41.07,1982
1108,39.26,435
406,60.1,244
1102,38.11,420
7732,38.2,2954
34527,35.38,12215
44332,29.41,13036
5008,39.18,1962
4755,37.22,1770
15893,33.65,5348
14996,37.54,5630
20629,29.11,6006
1145,51.35,588
18020,35.41,6380
13572,39.24,5325
483,42.65,206
540,50.93,275
14440,35.22,5086
888,44.14,392
2000,44.7,894
956,43.62,417
964,40.35,389
3121,44.02,1374
9403,35.25,3315
9864,37.47,3696
648,51.39,333
2621,36.55,958
544,41.73,227
37900,35.21,13345
40809,36.35,14835
41589,33.97,14129
15527,35.68,5540
37503,42.4,15900
35224,37.67,13269
11353,34.72,3942
34170,35.95,12285
15740,35.29,5554
20961,33.04,6926
21887,32.67,7150
28193,33.49,9441
13069,36.61,4785
46591,40.67,18949
19602,41.5,8134
678,42.63,289
1950,46.05,898
393,50.38,198
682,47.36,323
2550,35.57,907
38384,40.65,15604
4059,32.5,1319
17844,43.6,7780
12845,38.53,4949
51362,40.6,20854
3099,30.3,939
12128,34.61,4197
14711,46.2,6797
41701,42.66,17790
13690,38.65,5291
21214,44.73,9488
14222,39.68,5644
12607,42.31,5334
30474,30.15,9188
12187,41.41,5047
57060,33.6,19172
57060,33.6,19172
57060,33.6,19172
57060,33.6,19172
57060,33.6,19172
29433,38.07,11206
2621,41.28,1082
25842,38.37,9915
6843,25.25,1728
29397,41.45,12185
1583,39.55,626
11452,41.46,4748
13565,40.62,5510
57060,33.6,19172
32699,31.51,10303
32699,31.51,10303
32699,31.51,10303
32699,31.51,10303
12984,40.63,5276
32699,31.51,10303
32699,31.51,10303
21482,45.66,9809
2621,41.28,1082
32699,31.51,10303
20177,42.5,8576
32699,31.51,10303
32699,31.51,10303
32699,31.51,10303
9642,35.97,3468
31439,37.96,11935
4903,30.19,1480
12084,37.55,4537
766,46.74,358
11424,41.61,4754
45860,34.67,15901
32699,31.51,10303
32699,31.51,10303
32699,31.51,10303
32699,31.51,10303
950,48.0,456
480,31.46,151
32699,31.51,10303
32699,31.51,10303
32699,31.51,10303
32699,31.51,10303
32699,31.51,10303
29892,46.16,13798
32699,31.51,10303
32699,31.51,10303
32699,31.51,10303
32699,31.51,10303
32699,31.51,10303
32699,31.51,10303
32699,31.51,10303
32699,31.51,10303
34252,43.59,14931
32699,31.51,10303
32699,31.51,10303
32699,31.51,10303
32699,31.51,10303
32699,31.51,10303
32699,31.51,10303
22521,39.21,8830
35405,32.74,11591
29959,44.71,13395
1006,38.97,392
40949,33.42,13685
19476,39.36,7666
32699,31.51,10303
1471,38.61,568
1938,34.31,665
16452,44.3,7288
9705,42.69,4143
29415,30.3,8914
23128,35.68,8253
37703,42.77,16124
31933,41.98,13406
19638,45.4,8915
34787,32.75,11393
516,37.4,193
18791,33.0,6201
15739,43.95,6918
34969,35.32,12351
37704,31.78,11981
51232,36.29,18591
19481,41.51,8087
698,49.71,347
15988,38.08,6089
29075,37.28,10840
4376,32.27,1412
9498,32.45,3082
1814,38.48,698
42492,33.3,14151
833,55.82,465
9775,34.67,3389
656,46.49,305
450,39.11,176
52494,30.65,16090
26672,37.42,9980
23956,33.75,8086
27083,36.59,9909
23803,38.08,9065
493,42.39,209
1315,31.1,409
3110,39.81,1238
2827,49.38,1396
937,27.32,256
6423,37.93,2436
980,35.71,350
36760,44.39,16318
1371,47.41,650
23139,39.76,9199
8308,28.09,2334
32657,36.85,12034
1317,31.89,420
7407,31.28,2317
6432,43.11,2773
322,44.1,142
13992,35.51,4969
2154,37.51,808
16238,34.57,5613
412,50.24,207
2253,40.7,917
1006,31.11,313
2588,36.67,949
1554,34.49,536
1309,35.14,460
690,32.32,223
1430,30.84,441
12772,35.75,4566
615,44.72,275
28919,39.13,11316
3845,41.01,1577
486,54.12,263
3491,35.23,1230
6327,32.46,2054
13362,29.52,3944
7639,38.08,2909
674,33.53,226
888,30.41,270
5428,35.8,1943
1809,33.55,607
5428,35.8,1943
583,31.05,181
853,40.8,348
616,25.49,157
10462,42.99,4498
636,40.09,255
1093,33.49,366
8301,32.96,2736
822,33.45,275
2294,35.09,805
5417,25.88,1402
1985,35.26,700
915,34.86,319
14358,34.09,4894
1125,36.98,416
532,52.63,280
1058,38.37,406
1060,40.66,431
6572,37.04,2434
1596,39.54,631
2925,34.97,1023
2280,39.47,900
685,38.69,265
3304,39.83,1316
6706,35.25,2364
7505,29.45,2210
15587,38.83,6052
3456,38.98,1347
2743,39.01,1070
3033,30.1,913
9910,31.08,3080
3444,32.9,1133
2153,31.44,677
408,56.37,230
1076,32.34,348
10255,31.69,3250
1440,38.61,556
3596,37.15,1336
2647,34.76,920
5298,28.03,1485
8779,26.67,2341
731,42.54,311
1326,35.44,470
246,64.63,159
2550,36.55,932
4484,36.17,1622
478,55.23,264
2475,53.33,1320
8638,38.86,3357
3668,23.75,871
1523,30.4,463
2085,38.32,799
4071,33.82,1377
527,40.42,213
247,52.63,130
1474,42.2,622
3576,33.05,1182
1131,40.85,462
1648,47.63,785
6459,38.8,2506
247,56.68,140
1130,46.11,521
1982,33.4,662
1074,36.13,388
824,44.17,364
2511,42.09,1057
22007,36.28,7984
1777,39.5,702
7280,34.33,2499
1498,37.78,566
1831,47.84,876
856,39.25,336
1635,39.82,651
506,43.08,218
1509,46.79,706
551,42.47,234
3965,31.93,1266
2708,30.1,815
3074,35.98,1106
3936,32.6,1283
1022,44.52,455
724,43.37,314
1620,40.19,651
1018,33.99,346
3657,42.25,1545
528,31.06,164
2873,38.6,1109
8654,32.54,2816
10738,32.98,3541
366,35.52,130
6068,27.7,1681
1575,36.0,567
724,31.77,230
2007,39.36,790
2384,34.82,830
2551,36.61,934
1253,39.11,490
1149,28.81,331
877,36.6,321
905,48.62,440
3158,31.51,995
1583,37.78,598
1826,34.99,639
318,61.64,196
871,35.25,307
10729,32.07,3441
2065,41.21,851
3161,35.53,1123
2421,37.26,902
3259,35.59,1160
3143,30.67,964
1966,31.54,620
1656,29.35,486
1547,37.36,578
755,45.03,340
1651,33.68,556
494,45.14,223
837,35.6,298
25416,34.24,8703
427,40.98,175
6272,31.06,1948
1525,26.69,407
10689,33.64,3596
1151,38.75,446
732,40.57,297
987,34.55,341
6496,39.49,2565
1229,26.77,329
741,37.65,279
1433,25.75,369
829,37.27,309
1813,32.21,584
13699,32.24,4416
1189,35.41,421
1356,34.66,470
1282,39.0,500
889,40.83,363
1039,34.84,362
2168,34.87,756
310,52.26,162
2444,32.2,787
1506,35.59,536
323,52.32,169
696,30.17,210
909,31.79,289
2370,32.11,761
454,39.87,181
867,32.41,281
9669,31.09,3006
843,38.91,328
1156,30.28,350
977,40.53,396
1609,31.7,510
1342,31.74,426
8026,30.91,2481
1247,31.52,393
13499,26.64,3596
255,56.08,143
2275,36.97,841
2392,33.4,799
1092,38.37,419
1096,39.23,430
566,30.04,170
1906,35.52,677
1999,39.72,794
2519,25.76,649
10259,30.87,3167
463,31.53,146
842,36.46,307
1613,33.04,533
2246,32.68,734
1375,36.44,501
1006,38.37,386
930,29.78,277
1204,29.82,359
1690,38.4,649
3408,29.17,994
1486,33.85,503
785,40.64,319
492,43.29,213
3694,33.11,1223
2630,32.05,843
757,34.08,258
380,33.42,127
13499,26.64,3596
1361,46.95,639
1041,39.96,416
859,25.73,221
786,33.46,263
1595,37.87,604
841,41.62,350
7218,40.15,2898
15876,33.18,5267
786,51.27,403
1138,34.62,394
4447,32.92,1464
1299,32.26,419
3307,30.15,997
1607,43.25,695
1739,33.41,581
4567,34.95,1596
987,37.08,366
1623,44.79,727
2594,32.73,849
1568,37.63,590
2321,29.56,686
1147,32.17,369
3075,39.38,1211
227,44.49,101
2816,35.69,1005
1001,31.37,314
1932,39.49,763
983,36.11,355
1709,35.58,608
2171,37.63,817
4154,33.63,1397
3162,37.54,1187
4541,33.89,1539
1378,36.14,498
6852,40.19,2754
10338,33.16,3428
1519,40.29,612
681,38.77,264
422,35.78,151
3756,38.34,1440
10542,28.81,3037
818,35.33,289
898,42.2,379
1081,40.33,436
846,31.91,270
1701,43.68,743
942,39.07,368
320,33.44,107
530,49.06,260
1511,38.85,587
3780,33.17,1254
1463,36.43,533
1562,41.87,654
3444,30.14,1038
7665,37.83,2900
334,50.3,168
1130,39.12,442
1472,35.46,522
778,43.96,342
295,42.37,125
1776,37.89,673
1564,39.64,620
814,55.53,452
2297,32.0,735
5342,29.95,1600
2836,31.84,903
266,46.99,125
16556,34.05,5637
1779,36.71,653
1846,40.68,751
737,40.03,295
3196,51.28,1639
2644,42.47,1123
930,49.14,457
5342,29.95,1600
2831,36.21,1025
602,38.04,229
347,60.52,210
1064,37.41,398
3431,38.65,1326
3152,34.84,1098
10133,22.88,2318
9627,36.37,3501
2051,30.57,627
2905,34.53,1003
1032,45.74,472
398,36.43,145
4455,36.63,1632
576,44.1,254
3481,41.97,1461
525,55.62,292
2303,33.96,782
1402,34.52,484
2067,35.17,727
7310,33.76,2468
1320,38.03,502
1352,42.53,575
2722,34.13,929
6282,32.38,2034
528,39.39,208
973,32.99,321
1928,32.47,626
613,41.44,254
539,49.35,266
4446,45.84,2038
2083,39.46,822
2509,38.94,977
1231,37.37,460
150,44.0,66
834,29.86,249
675,41.48,280
645,24.5,158
906,30.24,274
1944,34.72,675
4604,38.14,1756
4127,31.74,1310
851,41.13,350
2954,25.59,756
806,36.1,291
514,46.89,241
3851,30.64,1180
30654,33.29,10205
4437,26.23,1164
1782,34.51,615
27046,34.35,9291
859,32.71,281
475,46.11,219
3391,35.56,1206
604,41.72,252
1584,33.14,525
1795,38.05,683
921,36.37,335
652,42.94,280
2034,40.17,817
5338,37.95,2026
5426,33.97,1843
2133,32.72,698
206,63.11,130
5555,26.91,1495
1001,35.06,351
5198,34.15,1775
1260,30.63,386
495,40.4,200
2928,26.88,787
5356,31.48,1686
1757,35.52,624
989,39.33,389
1835,27.03,496
898,32.29,290
808,45.54,368
30654,33.29,10205
1912,47.59,910
323,47.06,152
1124,35.05,394
1218,39.74,484
1887,37.52,708
3043,18.21,554
1624,23.09,375
771,28.79,222
5164,35.4,1828
706,37.68,266
1938,32.97,639
3809,35.6,1356
806,44.79,361
4520,30.64,1385
567,41.09,233
1379,42.2,582
1793,31.18,559
164,46.95,77
2941,31.45,925
246,45.93,113
15895,22.46,3570
599,36.23,217
3284,32.4,1064
6292,27.4,1724
182,53.3,97
1577,35.32,557
998,35.47,354
1130,41.33,467
910,39.23,357
2132,24.44,521
2169,37.21,807
224,45.98,103
375,42.4,159
243,36.63,89
1366,28.99,396
1049,43.18,453
822,40.27,331
716,41.9,300
891,37.15,331
1062,36.25,385
430,41.63,179
2178,40.59,884
2124,23.45,498
3379,19.06,644
1366,28.99,396
545,31.19,170
2206,30.55,674
696,36.06,251
4714,25.24,1190
3441,26.33,906
357,35.01,125
3149,33.38,1051
603,34.49,208
327,32.11,105
952,26.16,249
2826,25.3,715
238,45.8,109
928,39.01,362
622,35.05,218
213,43.66,93
381,37.8,144
781,29.96,234
1250,27.04,338
1313,33.89,445
449,31.63,142
185,28.65,53
1465,26.76,392
648,36.11,234
2889,34.2,988
280,46.07,129
677,38.4,260
810,35.8,290
244,52.46,128
493,25.35,125
679,39.47,268
326,33.13,108
2788,32.39,903
758,51.32,389
417,28.54,119
754,35.94,271
7501,30.89,2317
986,28.7,283
173,41.62,72
679,31.96,217
1206,33.75,407
1199,34.36,412
675,31.85,215
1088,35.2,383
486,34.57,168
1641,29.25,480
6513,31.8,2071
861,48.78,420
330,33.94,112
880,31.82,280
2459,35.75,879
653,31.09,203
1108,33.57,372
249,34.54,86
576,31.77,183
1145,33.1,379
3561,31.2,1111
986,36.11,356
2544,34.59,880
2778,23.97,666
1391,34.8,484
624,38.3,239
272,36.4,99
787,36.85,290
11346,33.51,3802
1349,40.1,541
3543,37.76,1338
6305,30.91,1949
2800,33.0,924
580,35.0,203
2670,35.13,938
1112,28.6,318
1349,40.1,541
1488,24.19,360
583,41.85,244
1137,40.02,455
1604,35.66,572
1069,36.86,394
544,32.35,176
623,36.76,229
1227,34.07,418
4502,36.47,1642
504,29.37,148
364,31.59,115
552,33.51,185
8369,31.45,2632
1605,41.18,661
3274,28.92,947
11789,32.8,3867
18009,31.52,5676
2724,32.12,875
188,58.51,110
1897,37.64,714
2567,30.0,770
0,0.0,0
258,41.47,107
3469,30.41,1055
756,30.95,234
312,38.78,121
3725,36.48,1359
865,41.85,362
1115,29.78,332
3725,36.48,1359
1067,31.77,339
10732,35.92,3855
1016,35.14,357
759,24.9,189
1072,18.47,198
4329,27.77,1202
3085,27.88,860
1470,15.92,234
35295,41.85,14772
500,36.8,184
2098,36.61,768
300,41.0,123
14122,33.55,4738
2561,21.98,563
1538,29.52,454
1557,26.65,415
573,26.35,151
387,43.67,169
13534,38.21,5172
3498,34.13,1194
2683,28.25,758
1208,27.9,337
1330,25.11,334
3536,26.22,927
226,35.4,80
397,56.42,224
1867,27.05,505
5006,40.67,2036
965,32.85,317
1352,21.6,292
1194,28.22,337
377,47.75,180
3037,26.18,795
397,56.42,224
184,37.5,69
587,29.13,171
1509,25.98,392
1124,29.18,328
801,32.71,262
612,39.54,242
15664,34.63,5425
417,34.53,144
3646,29.79,1086
1817,26.42,480
1771,35.01,620
3487,31.66,1104
437,41.65,182
213,53.05,113
2643,36.02,952
265,49.06,130
1127,32.21,363
2391,28.19,674
2782,30.37,845
2738,26.04,713
2480,29.27,726
1308,36.01,471
802,35.16,282
1349,31.88,430
587,37.48,220
1587,40.26,639
1016,25.98,264
488,37.91,185
17580,35.81,6295
349,34.96,122
752,33.51,252
482,35.48,171
5200,25.44,1323
494,42.51,210
272,51.84,141
924,33.87,313
2537,32.12,815
355,41.13,146
3127,32.3,1010
802,34.91,280
556,37.77,210
1244,44.37,552
505,28.51,144
407,23.34,95
1936,28.31,548
2171,19.25,418
356,36.24,129
504,34.13,172
394,34.01,134
1999,26.36,527
3900,32.41,1264
1922,28.67,551
538,20.07,108
808,30.45,246
1102,26.95,297
937,34.04,319
1981,33.17,657
280,35.71,100
485,35.05,170
428,36.92,158
4338,31.51,1367
1085,39.82,432
2056,31.81,654
1099,23.93,263
3596,30.81,1108
1087,37.72,410
3026,26.8,811
316,33.23,105
725,37.24,270
0,0.0,0
383,28.72,110
1841,26.78,493
858,19.81,170
1415,31.66,448
592,32.77,194
864,31.71,274
686,29.88,205
497,28.97,144
2779,28.9,803
897,34.11,306
1222,29.46,360
685,40.88,280
623,23.6,147
882,43.76,386
5117,30.55,1563
314,44.59,140
521,31.09,162
1239,23.16,287
474,32.91,156
3120,27.05,844
2852,27.17,775
3727,27.37,1020
4186,30.27,1267
801,28.59,229
1800,30.44,548
401,42.89,172
324,30.86,100
281,25.98,73
800,36.0,288
1196,34.62,414
1682,31.33,527
8189,30.69,2513
2449,30.46,746
710,20.56,146
1276,24.29,310
504,33.53,169
553,28.93,160
801,34.71,278
1367,28.97,396
344,24.42,84
423,26.0,110
1071,27.08,290
256,28.91,74
3605,28.35,1022
5868,30.4,1784
565,47.61,269
3825,30.3,1159
353,42.49,150
209,37.32,78
2082,29.35,611
935,24.28,227
1563,31.99,500
422,19.91,84
634,37.22,236
411,40.63,167
370,25.68,95
1298,30.05,390
2036,25.74,524
3823,24.93,953
1677,24.87,417
1127,34.07,384
3115,29.79,928
316,25.63,81
540,36.48,197
1556,33.35,519
443,41.31,183
4321,28.67,1239
640,44.22,283
449,36.3,163
277,39.35,109
227,42.29,96
426,30.52,130
241,30.71,74
287,24.74,71
855,25.73,220
566,21.2,120
8882,32.79,2912
394,28.17,111
1558,27.54,429
326,40.18,131
617,37.44,231
1370,38.76,531
1682,32.7,550
320,26.56,85
374,31.55,118
7429,29.18,2168
1097,31.54,346
1375,31.78,437
2380,30.8,733
5731,31.57,1809
3354,26.36,884
2483,26.02,646
418,41.39,173
808,32.8,265
250,24.4,61
2979,30.72,915
2312,32.18,744
622,34.73,216
499,37.68,188
3134,31.01,972
349,39.26,137
3461,26.67,923
702,33.33,234
1186,36.51,433
776,31.7,246
1853,32.22,597
453,25.17,114
366,37.43,137
183,46.99,86
2927,26.82,785
2798,32.74,916
459,34.64,159
1243,18.66,232
223,40.81,91
877,37.17,326
1420,33.1,470
343,42.57,146
1594,23.09,368
1540,27.34,421
1209,30.52,369
549,30.97,170
24766,44.85,11108
1156,41.78,483
1638,35.29,578
3608,38.0,1371
23213,41.36,9601
39793,38.55,15339
2263,41.94,949
3892,39.52,1538
757,35.4,268
1514,46.1,698
363,28.37,103
1381,28.53,394
542,35.98,195
1535,36.68,563
1980,30.61,606
3339,37.41,1249
29948,41.96,12566
26047,48.01,12504
239,45.61,109
2241,25.26,566
3478,31.63,1100
170,40.0,68
9012,28.96,2610
2161,25.91,560
33032,40.99,13540
1845,40.49,747
407,33.17,135
383,26.37,101
41447,43.27,17933
1442,34.26,494
1769,29.68,525
3136,28.48,893
33374,34.63,11558
2521,41.85,1055
1202,30.45,366
1177,28.63,337
2050,27.85,571
1089,30.67,334
579,33.51,194
2799,25.9,725
695,26.62,185
486,42.59,207
473,16.7,79
674,26.71,180
568,34.68,197
1622,46.05,747
773,30.66,237
425,26.35,112
1271,38.79,493
647,33.23,215
827,35.79,296
341,31.38,107
4419,28.04,1239
1276,31.43,401
1315,18.86,248
721,42.16,304
941,32.84,309
952,18.38,175
4982,24.17,1204
705,31.77,224
716,15.78,113
591,29.78,176
566,30.21,171
651,30.88,201
517,33.66,174
2819,29.9,843
766,45.82,351
872,33.14,289
1555,39.81,619
895,38.99,349
342,40.06,137
3090,22.59,698
410,41.22,169
918,31.37,288
1328,17.32,230
386,40.16,155
712,34.27,244
885,28.7,254
543,26.89,146
333,30.03,100
449,28.29,127
597,27.97,167
267,31.46,84
299,19.4,58
349,22.64,79
392,45.92,180
335,33.43,112
330,30.91,102
475,29.26,139
1867,33.37,623
625,28.16,176
613,24.63,151
290,21.72,63
971,29.04,282
696,29.45,205
467,25.91,121
622,30.87,192
326,28.22,92
1093,27.36,299
561,22.28,125
1447,30.13,436
672,26.19,176
1718,20.08,345
269,27.88,75
418,20.1,84
373,24.93,93
367,25.89,95
276,25.0,69
1274,33.83,431
384,41.93,161
374,23.53,88
1951,28.29,552
191,31.41,60
6104,42.19,2575
9725,30.24,2941
686,38.48,264
2782,25.99,723
1110,33.24,369
6205,40.55,2516
653,29.1,190
1078,27.92,301
4953,38.93,1928
340,44.71,152
10273,43.04,4421
1023,29.52,302
194,40.21,78
588,29.93,176
509,30.45,155
449,38.08,171
3148,34.94,1100
362,27.9,101
11067,41.24,4564
428,35.75,153
304,40.46,123
418,33.97,142
168,26.79,45
454,24.89,113
1286,24.81,319
667,33.73,225
1168,29.11,340
3878,33.01,1280
3512,34.57,1214
1497,24.92,373
1135,33.3,378
1523,29.15,444
566,21.2,120
2057,35.63,733
1032,32.07,331
1027,24.44,251
2425,24.0,582
198,55.56,110
413,42.37,175
6148,32.42,1993
3288,22.66,745
603,32.34,195
472,30.08,142
765,35.42,271
2094,25.41,532
1888,30.4,574
3254,29.72,967
938,32.52,305
659,37.48,247
450,23.56,106
1731,25.3,438
1596,34.52,551
1031,26.67,275
5637,26.34,1485
320,38.44,123
1064,37.31,397
356,37.64,134
927,20.28,188
1967,24.5,482
3147,28.25,889
2530,33.87,857
584,26.37,154
488,46.52,227
2553,27.93,713
1090,42.48,463
4261,28.47,1213
3699,25.28,935
1559,31.94,498
1019,29.74,303
443,29.12,129
4644,35.34,1641
226,36.28,82
1333,19.8,264
919,26.55,244
333,37.54,125
1591,27.97,445
520,31.15,162
565,27.96,158
6723,28.14,1892
1742,33.24,579
701,32.38,227
307,37.79,116
1384,35.55,492
293,40.27,118
335,32.84,110
558,23.12,129
294,33.67,99
312,27.24,85
2728,26.14,713
399,19.8,79
22905,31.71,7264
337,34.42,116
752,32.58,245
5801,29.98,1739
2853,35.05,1000
1042,27.64,288
204,44.61,91
2939,16.74,492
1109,24.98,277
505,40.59,205
1749,26.7,467
5460,31.61,1726
935,34.22,320
966,30.02,290
541,23.48,127
1436,31.89,458
386,41.19,159
3664,29.39,1077
1763,23.09,407
455,32.75,149
4210,31.62,1331
239,31.8,76
1384,39.38,545
378,41.01,155
232,37.5,87
387,46.51,180
297,37.71,112
280,35.71,100
299,40.8,122
224,32.59,73
1292,27.48,355
2111,33.87,715
1502,31.36,471
1347,34.52,465
1070,27.66,296
934,29.12,272
12360,31.76,3926
327,41.59,136
1472,30.16,444
578,37.37,216
276,38.41,106
797,30.99,247
452,32.08,145
2631,25.47,670
324,40.74,132
4434,30.22,1340
695,35.25,245
8086,30.58,2473
315,27.94,88
4433,37.09,1644
5267,22.52,1186
15262,28.86,4405
519,38.34,199
1493,34.49,515
538,36.8,198
232,39.66,92
326,44.17,144
1541,26.09,402
897,36.79,330
272,47.43,129
7452,34.23,2551
812,46.67,379
706,35.27,249
187,30.48,57
168,45.24,76
4353,28.76,1252
374,41.98,157
299,27.09,81
21965,35.64,7828
266,36.84,98
2438,30.93,754
583,25.04,146
11543,32.82,3788
234,48.72,114
1616,26.79,433
186,38.71,72
196,37.24,73
3352,33.23,1114
8072,30.31,2447
1808,25.55,462
1012,27.77,281
1938,36.89,715
313,39.94,125
3105,26.67,828
1181,35.65,421
410,41.71,171
1941,26.17,508
2066,36.3,750
258,38.76,100
471,41.4,195
1491,33.67,502
272,28.31,77
514,39.3,202
1647,31.88,525
278,35.97,100
309,34.3,106
1363,34.56,471
194,42.27,82
659,31.71,209
526,35.55,187
694,24.78,172
937,28.18,264
229,32.75,75
274,33.21,91
194,40.21,78
265,53.21,141
777,31.92,248
280,47.86,134
368,42.39,156
9526,29.18,2780
17380,37.77,6564
1688,36.14,610
1480,30.47,451
223,35.43,79
1409,31.87,449
5012,29.41,1474
257,48.64,125
1424,29.0,413
943,23.65,223
1935,32.51,629
6345,33.3,2113
8023,29.68,2381
1130,35.22,398
224,34.38,77
2151,32.82,706
1679,41.27,693
699,37.34,261
643,34.99,225
1478,30.45,450
1471,31.2,459
996,25.4,253
3433,27.99,961
339,28.91,98
2522,36.24,914
576,34.38,198
1153,38.51,444
2437,36.68,894
971,32.44,315
323,30.96,100
405,39.75,161
1055,39.53,417
940,35.11,330
284,39.44,112
3293,23.44,772
318,33.65,107
3289,33.38,1098
218,34.86,76
311,38.26,119
2367,25.01,592
719,33.24,239
671,33.83,227
1369,30.46,417
1528,21.73,332
339,30.38,103
3496,31.06,1086
1573,29.82,469
997,34.7,346
895,29.05,260
1027,30.38,312
611,21.77,133
208,30.77,64
1258,18.84,237
441,35.83,158
4048,25.49,1032
5025,30.09,1512
2041,24.35,497
208,39.42,82
1610,37.89,610
1217,31.14,379
1770,22.37,396
468,38.46,180
326,37.12,121
473,47.36,224
5324,34.26,1824
885,38.08,337
300,29.67,89
1746,26.86,469
9209,30.71,2828
266,33.46,89
669,24.07,161
498,38.35,191
841,38.64,325
873,37.34,326
2533,28.94,733
299,43.48,130
1969,20.92,412
2195,34.76,763
399,31.08,124
534,33.52,179
983,36.93,363
326,40.49,132
3893,23.91,931
384,41.93,161
2634,23.77,626
1526,31.39,479
862,29.7,256
6599,30.76,2030
314,36.62,115
190,47.89,91
3173,30.16,957
371,29.65,110
1066,42.59,454
3193,25.05,800
586,41.3,242
216,32.87,71
5625,31.86,1792
334,47.6,159
3114,35.55,1107
308,28.9,89
1462,26.88,393
1167,18.94,221
301,41.2,124
6991,36.35,2541
237,52.32,124
206,21.36,44
2908,22.42,652
976,27.25,266
1575,20.38,321
1636,34.47,564
1926,33.96,654
205,41.46,85
1847,36.44,673
6089,28.33,1725
1817,36.05,655
764,23.95,183
1592,32.98,525
18040,35.47,6398
231,31.17,72
406,23.4,95
1442,33.5,483
204,33.82,69
402,31.09,125
273,31.87,87
555,36.22,201
297,53.87,160
1108,28.25,313
601,27.62,166
341,39.59,135
2452,25.94,636
1706,32.47,554
325,22.77,74
9777,34.27,3351
4619,37.52,1733
1504,28.59,430
287,28.92,83
182,41.21,75
4726,39.55,1869
4459,38.24,1705
5034,39.33,1980
229,41.92,96
2092,25.67,537
369,29.27,108
541,38.63,209
307,29.32,90
311,38.91,121
16103,34.29,5522
320,40.94,131
200,53.0,106
3116,38.86,1211
6171,32.28,1992
20343,36.95,7517
1777,42.94,763
843,27.16,229
545,35.6,194
234,36.32,85
2972,33.61,999
611,29.62,181
26696,34.07,9096
1165,39.23,457
1446,33.06,478
5763,47.91,2761
447,43.62,195
759,28.99,220
2836,38.22,1084
385,27.79,107
362,34.53,125
1002,33.13,332
1219,31.34,382
252,31.35,79
2810,30.71,863
231,36.8,85
3323,34.94,1161
1270,19.29,245
3179,33.72,1072
4430,23.25,1030
2996,34.55,1035
509,32.81,167
328,38.11,125
411,35.52,146
1305,19.39,253
1713,39.99,685
580,35.34,205
624,21.31,133
2231,30.03,670
4655,32.87,1530
3380,40.12,1356
16103,34.29,5522
418,32.78,137
269,20.07,54
9010,25.84,2328
1038,31.12,323
175,41.71,73
3154,33.51,1057
9010,25.84,2328
684,29.24,200
395,31.9,126
373,38.07,142
2031,32.25,655
632,31.49,199
4424,41.07,1817
410,23.9,98
1965,29.47,579
8923,32.56,2905
267,44.94,120
900,23.67,213
10587,36.59,3874
628,34.71,218
565,24.96,141
3677,34.43,1266
948,29.75,282
408,34.31,140
320,36.25,116
515,24.47,126
602,28.24,170
1088,27.57,300
382,33.25,127
3202,38.57,1235
4360,44.11,1923
424,40.09,170
522,35.82,187
4666,40.23,1877
1386,17.89,248
1313,29.32,385
573,44.85,257
7991,38.71,3093
477,22.01,105
9725,30.24,2941
7149,35.1,2509
3511,44.89,1576
366,28.96,106
211,29.86,63
691,28.65,198
358,37.99,136
2411,29.28,706
7515,39.45,2965
1853,27.9,517
774,37.08,287
521,38.2,199
627,34.77,218
451,25.28,114
11004,40.49,4456
537,22.16,119
4085,24.99,1021
580,30.0,174
719,35.33,254
811,32.68,265
266,43.23,115
9010,25.84,2328
10213,36.47,3725
768,31.51,242
955,30.68,293
4206,27.48,1156
269,27.14,73
321,42.06,135
379,32.19,122
331,24.17,80
4107,30.56,1255
284,32.75,93
413,32.93,136
748,41.44,310
1301,30.82,401
839,12.04,101
619,26.17,162
378,39.68,150
390,46.41,181
640,47.19,302
241,27.8,67
838,32.82,275
12583,37.3,4693
383,24.28,93
1422,29.18,415
12116,36.6,4434
915,30.82,282
1717,32.96,566
366,35.79,131
322,39.44,127
698,23.5,164
1094,39.85,436
2217,26.97,598
2703,19.76,534
699,37.48,262
354,22.6,80
193,43.52,84
834,25.3,211
1219,46.43,566
808,33.04,267
371,57.68,214
639,27.54,176
298,36.24,108
15439,41.12,6348
180,41.11,74
175,44.57,78
310,28.39,88
1612,20.16,325
1050,24.95,262
636,22.48,143
727,33.01,240
1158,28.93,335
531,31.64,168
17832,36.97,6593
244,27.87,68
1349,26.76,361
272,43.38,118
1399,35.6,498
418,34.69,145
5031,42.75,2151
418,38.52,161
334,39.52,132
11321,35.36,4003
1707,22.85,390
2918,28.44,830
948,33.12,314
774,34.5,267
415,31.57,131
666,44.59,297
1588,27.46,436
18807,37.1,6977
240,41.67,100
7201,28.51,2053
291,39.86,116
1272,43.63,555
491,29.33,144
387,26.61,103
404,36.39,147
324,44.44,144
14735,34.87,5138
877,35.92,315
8790,39.83,3501
838,21.48,180
11311,33.52,3791
1850,17.84,330
2824,32.05,905
666,28.83,192
469,33.05,155
2543,22.77,579
2368,33.45,792
479,35.7,171
1312,32.39,425
9961,38.99,3884
3419,24.6,841
6778,39.22,2658
578,38.93,225
4352,38.03,1655
2534,23.84,604
45728,38.27,17498
1479,36.38,538
344,37.79,130
292,35.27,103
631,38.51,243
857,30.22,259
501,32.73,164
2605,39.54,1030
2310,38.18,882
744,37.77,281
1480,39.19,580
1750,38.0,665
643,29.55,190
19881,38.52,7659
205,34.63,71
1372,38.34,526
615,40.49,249
23440,38.16,8945
379,26.12,99
643,31.1,200
301,37.87,114
30005,38.64,11594
1254,46.49,583
925,21.41,198
506,18.97,96
183,39.34,72
2762,30.09,831
153,39.87,61
537,39.48,212
430,38.37,165
662,37.16,246
1114,31.06,346
2164,36.14,782
41505,38.65,16040
1310,39.16,513
1032,23.55,243
1481,31.26,463
813,23.86,194
350,28.86,101
1982,25.68,509
753,37.58,283
453,31.13,141
457,21.23,97
434,37.56,163
2416,28.39,686
1760,29.6,521
44119,38.13,16823
1174,41.4,486
9572,32.2,3082
1230,23.09,284
10068,41.01,4129
1058,20.98,222
665,34.89,232
1251,22.54,282
398,37.69,150
12116,37.55,4549
505,22.38,113
498,41.37,206
3389,29.12,987
826,45.52,376
4111,41.21,1694
1003,32.1,322
44151,40.07,17691
3478,39.28,1366
1529,24.72,378
340,39.71,135
5688,34.77,1978
318,26.42,84
996,21.08,210
512,36.91,189
431,46.64,201
43746,39.55,17302
1990,38.89,774
2667,31.12,830
2827,31.16,881
361,26.87,97
3371,30.64,1033
537,35.01,188
736,19.43,143
20071,35.53,7132
419,31.26,131
2613,27.4,716
1200,15.0,180
1379,39.01,538
1876,44.94,843
534,29.59,158
3996,43.34,1732
516,35.27,182
7545,37.46,2826
862,33.64,290
13517,39.49,5338
675,32.74,221
37196,39.45,14673
597,34.84,208
1315,42.51,559
590,28.64,169
1547,38.2,591
1587,31.25,496
16796,36.8,6181
1624,37.99,617
22292,39.61,8830
34571,39.13,13528
3077,33.7,1037
916,31.33,287
981,21.81,214
1254,28.63,359
1359,32.23,438
308,31.17,96
13925,36.32,5057
1420,49.23,699
479,35.91,172
982,33.5,329
1107,32.34,358
1108,22.2,246
1656,36.47,604
2748,29.55,812
641,37.75,242
233,40.34,94
33845,42.17,14271
1174,38.59,453
623,35.15,219
342,28.36,97
1006,32.6,328
830,37.59,312
1760,33.01,581
633,37.91,240
8503,33.21,2824
593,37.1,220
4226,33.46,1414
1184,27.36,324
562,36.3,204
1241,29.17,362
1659,41.77,693
245,30.61,75
2309,37.85,874
628,36.94,232
872,24.2,211
328,31.1,102
4587,34.31,1574
845,31.72,268
10564,40.71,4301
396,25.76,102
5037,40.76,2053
271,46.13,125
811,36.74,298
1095,28.13,308
3490,38.85,1356
6737,38.16,2571
12835,36.14,4638
2173,26.23,570
1538,27.89,429
1390,40.5,563
1654,33.43,553
1276,32.05,409
25533,37.71,9628
5335,32.8,1750
2328,32.09,747
2975,35.53,1057
784,22.83,179
2158,44.39,958
1139,38.98,444
498,35.34,176
1697,29.7,504
2976,24.73,736
3597,33.92,1220
764,31.02,237
1114,31.78,354
223,44.84,100
1578,27.44,433
1711,32.14,550
2866,42.5,1218
1431,41.02,587
728,24.18,176
7868,31.67,2492
1090,35.69,389
499,31.46,157
1943,25.48,495
1199,33.86,406
2078,37.44,778
2292,27.79,637
2439,42.44,1035
1768,36.2,640
1937,37.95,735
1714,35.24,604
15387,35.19,5414
1346,30.09,405
450,29.56,133
2219,44.79,994
988,45.14,446
363,35.26,128
1735,36.66,636
343,39.94,137
3116,30.65,955
6507,35.38,2302
1206,29.68,358
7720,30.28,2338
560,39.46,221
1920,29.17,560
3196,32.04,1024
313,39.3,123
3029,32.22,976
999,34.93,349
1553,45.59,708
11038,37.36,4124
530,30.75,163
563,29.48,166
5133,33.98,1744
2786,35.57,991
3797,31.16,1183
673,34.32,231
2310,29.44,680
0,0.0,0
190,38.95,74
2054,37.83,777
2482,33.24,825
1977,37.13,734
1568,34.18,536
756,30.03,227
2697,34.78,938
3915,28.43,1113
1893,36.13,684
1886,31.5,594
1479,38.2,565
1555,24.76,385
3439,33.44,1150
6038,32.26,1948
2039,38.25,780
1902,28.86,549
308,46.43,143
15490,37.8,5855
1308,38.84,508
1493,35.77,534
1095,33.06,362
234,43.16,101
220,38.64,85
1975,38.33,757
1497,41.62,623
485,34.23,166
1859,38.19,710
3245,38.46,1248
744,42.47,316
1096,34.03,373
632,31.01,196
487,22.79,111
2402,34.3,824
2152,34.67,746
2368,28.25,669
2615,29.48,771
381,25.98,99
1066,31.33,334
4809,26.82,1290
317,35.96,114
1160,39.22,455
963,33.33,321
3419,36.0,1231
268,43.66,117
1770,34.52,611
2331,35.95,838
4143,36.4,1508
281,43.77,123
3999,29.91,1196
172,40.7,70
3570,33.33,1190
2974,32.38,963
5644,31.82,1796
18619,37.58,6997
1823,28.47,519
295,33.56,99
1021,28.11,287
4551,35.88,1633
4774,30.69,1465
2317,34.57,801
1974,34.75,686
359,39.0,140
200,40.5,81
606,29.54,179
751,33.16,249
593,47.89,284
1822,40.34,735
442,45.7,202
19232,35.13,6756
763,25.16,192
3510,31.79,1116
1850,30.43,563
444,31.53,140
3537,41.33,1462
3110,39.55,1230
600,40.17,241
394,45.43,179
4693,31.0,1455
3394,38.42,1304
316,31.65,100
3048,31.4,957
200,44.0,88
6038,39.38,2378
320,44.69,143
1776,39.36,699
1208,29.97,362
3667,25.99,953
310,34.84,108
3444,41.17,1418
25158,28.73,7228
6151,40.32,2480
434,34.79,151
1441,39.9,575
3367,34.42,1159
2063,33.01,681
1113,35.49,395
7568,40.2,3042
16011,32.02,5127
929,40.15,373
287,41.46,119
962,41.89,403
1929,35.77,690
971,28.73,279
1129,31.0,350
3882,39.77,1544
3303,40.33,1332
7808,36.64,2861
317,36.28,115
328,27.44,90
3140,38.31,1203
9572,33.77,3232
4501,41.37,1862
843,27.64,233
411,32.85,135
714,22.83,163
595,23.53,140
1625,36.12,587
802,36.16,290
2477,39.28,973
2438,39.54,964
1076,39.59,426
198,37.37,74
1884,37.42,705
990,25.15,249
2003,33.75,676
2809,25.85,726
173,41.62,72
2098,42.09,883
0,0.0,0
3270,32.78,1072
2279,42.83,976
1495,33.11,495
3209,42.57,1366
3732,39.34,1468
206,42.72,88
2898,31.85,923
1107,41.19,456
2431,41.83,1017
2222,41.67,926
755,17.88,135
1443,39.09,564
1614,37.98,613
2760,35.47,979
32884,29.4,9668
1565,30.73,481
195,62.05,121
2866,39.39,1129
1228,29.15,358
2279,40.63,926
1589,39.65,630
1169,33.02,386
437,27.46,120
2765,27.34,756
5996,39.26,2354
2089,33.6,702
3404,39.54,1346
171,43.27,74
3263,39.69,1295
1796,30.29,544
2308,38.69,893
3291,39.26,1292
2391,40.07,958
1195,34.14,408
455,26.81,122
1750,38.34,671
2955,27.82,822
198,40.4,80
2069,40.89,846
1058,43.38,459
1282,43.14,553
273,28.57,78
2348,38.16,896
17584,37.64,6619
2889,40.39,1167
2064,37.79,780
2123,42.53,903
2443,36.8,899
0,0.0,0
559,37.75,211
2502,43.45,1087
1765,41.25,728
3201,30.8,986
367,38.15,140
3305,34.86,1152
1003,30.91,310
0,0.0,0
4400,37.09,1632
685,45.55,312
12541,28.18,3534
319,37.3,119
423,28.84,122
559,29.7,166
1201,51.04,613
3358,41.63,1398
2052,43.71,897
191,37.17,71
1839,38.34,705
3086,37.85,1168
423,38.3,162
780,26.28,205
2700,40.04,1081
1975,32.96,651
4839,41.27,1997
1414,26.73,378
1550,31.87,494
731,19.97,146
2020,38.71,782
5207,43.36,2258
1982,38.7,767
8527,39.64,3380
1943,45.5,884
5702,26.48,1510
1333,35.18,469
1293,31.63,409
2249,32.55,732
4095,46.01,1884
1584,45.83,726
0,0.0,0
7801,42.88,3345
584,35.96,210
3915,39.77,1557
397,36.02,143
1463,48.26,706
2131,32.8,699
462,26.84,124
2074,40.12,832
2065,26.05,538
2108,44.26,933
284,30.99,88
0,0.0,0
1387,29.99,416
273,33.7,92
6937,42.47,2946
3936,38.57,1518
0,0.0,0
14893,36.59,5450
838,25.42,213
206,33.98,70
409,33.74,138
208,44.71,93
7608,40.51,3082
996,32.43,323
1796,30.29,544
2813,45.82,1289
240,25.42,61
3535,41.33,1461
4911,37.94,1863
541,34.75,188
4236,40.39,1711
1236,33.33,412
1505,29.24,440
3199,31.1,995
4856,40.4,1962
2444,24.84,607
417,25.66,107
2138,33.82,723
726,39.94,290
3368,47.48,1599
1429,30.3,433
606,25.41,154
528,27.65,146
1100,44.82,493
2626,39.07,1026
320,35.31,113
420,35.71,150
364,32.42,118
3187,41.7,1329
1849,21.31,394
1353,34.66,469
399,30.58,122
2327,43.23,1006
494,31.17,154
564,36.88,208
690,32.46,224
1535,29.12,447
1045,27.37,286
5771,34.64,1999
1346,48.37,651
648,17.44,113
900,46.89,422
1681,31.89,536
2060,39.81,820
1353,24.02,325
2073,33.0,684
962,42.31,407
1719,30.95,532
370,25.68,95
732,30.19,221
3267,39.85,1302
1189,37.43,445
856,31.54,270
419,22.2,93
1733,31.62,548
1713,36.02,617
353,23.51,83
517,27.47,142
1122,36.63,411
1823,33.68,614
620,31.77,197
816,39.71,324
1711,29.05,497
1767,36.79,650
1241,48.67,604
1562,40.46,632
1904,42.17,803
452,31.19,141
1781,34.98,623
805,26.34,212
1470,44.29,651
519,25.63,133
520,22.88,119
978,41.51,406
863,46.47,401
1384,43.14,597
1237,44.7,553
695,39.57,275
723,29.6,214
1579,38.89,614
282,44.68,126
1633,44.64,729
666,27.33,182
733,28.1,206
3464,35.68,1236
0,0.0,0
1137,34.92,397
5893,36.52,2152
920,40.11,369
669,41.41,277
248,35.08,87
306,30.39,93
947,32.73,310
1482,30.9,458
6207,33.35,2070
5741,36.06,2070
755,17.09,129
314,47.45,149
1400,41.64,583
2284,29.33,670
1541,32.06,494
1777,41.25,733
1836,26.63,489
2186,29.46,644
7285,30.38,2213
2364,31.68,749
1243,27.51,342
930,32.15,299
1522,25.36,386
1309,36.75,481
511,38.36,196
404,23.27,94
1269,59.81,759
429,28.44,122
7938,35.92,2851
11981,40.59,4863
1090,44.13,481
2055,31.53,648
1311,45.84,601
1664,38.82,646
2109,38.88,820
12976,39.43,5116
13378,37.82,5059
1495,35.79,535
1746,28.64,500
1153,39.03,450
1680,42.86,720
2699,39.79,1074
10875,36.72,3993
472,28.81,136
601,30.45,183
902,28.94,261
211,30.33,64
9953,42.52,4232
4082,27.39,1118
655,36.49,239
1033,31.46,325
950,39.37,374
444,29.28,130
2079,34.15,710
860,32.67,281
2510,27.17,682
3810,22.55,859
352,36.36,128
624,33.33,208
1738,41.14,715
1524,40.29,614
1219,32.24,393
5920,28.72,1700
24133,34.55,8338
10916,32.58,3556
2589,43.38,1123
1763,33.69,594
4574,42.33,1936
439,25.74,113
1894,28.88,547
1017,24.78,252
10998,36.72,4039
1172,39.68,465
409,23.72,97
836,53.83,450
1927,31.08,599
1145,32.75,375
3048,31.46,959
512,30.66,157
483,26.5,128
2067,46.73,966
10018,35.42,3548
2213,37.01,819
467,30.62,143
3629,39.79,1444
3572,37.77,1349
1320,41.21,544
586,29.69,174
2318,35.63,826
333,27.33,91
1509,21.94,331
987,17.43,172
660,31.67,209
1230,37.4,460
766,33.55,257
1230,28.78,354
310,15.48,48
5340,29.33,1566
509,32.61,166
394,30.46,120
4361,36.07,1573
1127,31.14,351
501,24.15,121
967,33.92,328
435,25.75,112
941,29.86,281
2169,33.33,723
793,34.43,273
1772,27.31,484
1825,33.81,617
949,41.2,391
849,27.92,237
470,39.57,186
410,41.71,171
761,33.38,254
339,27.14,92
547,51.37,281
431,44.55,192
897,28.87,259
1383,39.05,540
3347,29.4,984
4985,36.35,1812
1919,36.53,701
1893,28.9,547
383,38.12,146
706,28.47,201
311,19.94,62
793,30.52,242
3738,30.71,1148
893,20.16,180
653,19.45,127
527,42.5,224
331,28.7,95
935,39.68,371
725,28.83,209
623,28.25,176
602,41.03,247
4194,34.81,1460
1325,36.38,482
2175,31.26,680
223,33.18,74
526,32.13,169
478,37.24,178
1311,29.9,392
251,29.88,75
649,37.75,245
2085,31.37,654
340,39.41,134
480,25.42,122
383,31.33,120
207,40.1,83
2585,32.53,841
773,25.36,196
1235,37.49,463
758,34.83,264
782,35.68,279
1805,30.42,549
811,32.55,264
2008,34.21,687
808,41.71,337
2021,27.21,550
1589,30.4,483
817,32.8,268
620,21.29,132
838,32.58,273
1123,41.85,470
1942,25.39,493
436,32.57,142
243,37.45,91
3390,21.42,726
2667,33.9,904
729,27.16,198
350,41.14,144
2410,31.33,755
1322,24.81,328
1176,28.91,340
6432,31.08,1999
1074,30.17,324
311,27.65,86
653,33.08,216
432,46.53,201
733,36.02,264
984,22.46,221
661,32.38,214
784,32.78,257
329,29.48,97
1254,32.78,411
726,34.02,247
515,19.22,99
355,21.97,78
631,32.81,207
236,25.0,59
395,36.46,144
1533,33.66,516
406,31.28,127
517,40.04,207
2385,32.41,773
1032,30.43,314
1003,36.99,371
390,55.13,215
1823,37.9,691
363,34.16,124
593,44.69,265
978,24.44,239
482,37.14,179
2447,36.25,887
606,27.23,165
512,23.83,122
262,37.4,98
1206,57.3,691
729,29.08,212
957,34.8,333
1788,36.74,657
2135,29.84,637
952,30.36,289
5014,31.07,1558
309,34.3,106
697,33.14,231
641,29.33,188
442,42.08,186
637,43.96,280
565,30.8,174
417,23.26,97
1063,27.85,296
570,25.09,143
759,35.57,270
369,30.62,113
1234,39.14,483
503,33.4,168
627,39.87,250
778,37.92,295
476,30.46,145
7302,27.24,1989
821,22.17,182
1445,42.42,613
467,28.27,132
543,31.12,169
2773,34.37,953
573,34.73,199
274,28.47,78
1040,39.33,409
1746,32.76,572
534,38.01,203
1792,33.26,596
288,33.68,97
293,29.35,86
247,35.63,88
814,25.55,208
754,26.13,197
457,28.88,132
1145,36.86,422
584,33.05,193
909,29.48,268
2471,31.08,768
958,31.42,301
664,36.14,240
461,23.64,109
535,24.67,132
376,42.82,161
651,32.26,210
457,33.7,154
725,25.93,188
1556,22.43,349
1137,38.79,441
338,27.81,94
389,29.82,116
1093,42.45,464
308,35.06,108
518,34.94,181
1662,42.72,710
341,22.87,78
2012,41.85,842
23244,36.96,8590
787,29.73,234
734,40.74,299
1915,24.18,463
1368,37.65,515
590,35.59,210
782,36.96,289
3576,31.52,1127
603,44.28,267
268,16.79,45
328,18.9,62
557,22.8,127
1467,37.29,547
380,25.79,98
471,41.19,194
368,26.09,96
3629,36.68,1331
1036,30.5,316
1132,31.36,355
1270,34.02,432
4160,34.54,1437
613,44.54,273
993,35.75,355
291,29.9,87
307,19.87,61
1005,38.71,389
681,36.71,250
485,26.8,130
322,37.58,121
391,36.06,141
977,23.13,226
628,39.65,249
3368,26.6,896
11751,26.68,3135
1749,32.13,562
1067,35.33,377
200,45.0,90
329,30.4,100
2032,32.28,656
503,24.25,122
292,35.27,103
507,38.66,196
1064,37.12,395
4431,33.67,1492
454,24.67,112
2686,37.23,1000
2746,41.81,1148
827,31.8,263
401,42.14,169
676,31.95,216
411,21.9,90
1382,30.1,416
1670,36.59,611
335,29.85,100
570,21.4,122
404,44.06,178
338,28.99,98
1226,27.81,341
455,25.05,114
536,50.37,270
3468,39.04,1354
352,28.69,101
801,30.46,244
1679,35.68,599
1027,25.02,257
457,24.29,111
652,20.86,136
207,29.95,62
378,27.25,103
1750,39.49,691
714,29.69,212
404,25.99,105
333,27.93,93
688,36.63,252
484,23.14,112
383,40.99,157
1061,26.96,286
622,26.53,165
1329,33.33,443
354,30.79,109
1078,28.11,303
502,26.1,131
200,30.0,60
429,25.41,109
1246,36.68,457
1142,31.44,359
0,0.0,0
445,38.43,171
487,32.44,158
3533,26.49,936
904,35.07,317
335,25.97,87
1586,41.05,651
290,33.1,96
423,33.1,140
506,23.32,118
1579,37.49,592
212,25.47,54
922,25.81,238
406,34.24,139
682,31.96,218
628,27.23,171
224,33.04,74
488,32.58,159
1003,25.92,260
308,47.73,147
952,27.52,262
657,33.03,217
588,32.48,191
464,30.6,142
483,38.92,188
560,31.79,178
907,30.21,274
1142,37.57,429
520,38.46,200
929,27.77,258
891,18.63,166
4430,29.01,1285
364,25.55,93
499,23.25,116
307,31.6,97
1084,18.36,199
165,39.39,65
593,27.82,165
532,34.4,183
469,19.19,90
426,29.11,124
640,35.63,228
300,34.0,102
500,35.2,176
403,31.02,125
185,28.65,53
3405,36.12,1230
625,24.48,153
616,35.71,220
758,32.19,244
2406,28.97,697
929,31.97,297
1055,28.91,305
329,26.14,86
4976,26.23,1305
293,46.08,135
828,28.26,234
1066,24.77,264
1082,29.11,315
366,30.33,111
808,24.01,194
412,30.58,126
1188,30.98,368
335,33.43,112
484,39.46,191
467,42.18,197
937,27.75,260
383,31.07,119
210,39.52,83
376,25.0,94
322,27.02,87
925,32.0,296
764,28.4,217
580,22.07,128
445,31.46,140
380,33.16,126
428,23.13,99
1046,37.95,397
295,15.59,46
303,24.09,73
1827,29.56,540
708,29.24,207
2587,30.96,801
1601,31.98,512
474,33.76,160
390,23.08,90
1121,19.36,217
444,33.11,147
995,20.8,207
256,23.83,61
1601,31.98,512
329,25.84,85
458,33.84,155
537,28.12,151
20295,24.28,4927
223,30.49,68
722,27.56,199
986,38.64,381
965,27.15,262
362,24.03,87
267,29.59,79
294,17.69,52
566,27.56,156
1081,20.17,218
301,29.9,90
230,54.35,125
658,25.38,167
2212,29.02,642
386,37.05,143
635,23.15,147
335,41.49,139
850,22.71,193
860,23.95,206
2494,35.12,876
2119,36.67,777
315,28.89,91
257,24.9,64
443,31.83,141
512,21.88,112
852,21.01,179
621,24.32,151
405,24.44,99
623,32.26,201
620,20.16,125
756,39.95,302
626,19.81,124
292,36.3,106
317,24.92,79
464,19.61,91
300,30.0,90
293,33.11,97
576,22.05,127
1442,31.41,453
602,26.41,159
490,25.1,123
861,20.91,180
275,33.09,91
998,36.87,368
311,25.4,79
1931,27.96,540
261,22.22,58
620,16.77,104
638,27.12,173
661,30.71,203
175,32.0,56
162,52.47,85
319,24.76,79
976,30.43,297
1471,14.0,206
493,16.63,82
383,36.55,140
597,17.76,106
396,17.17,68
1404,26.0,365
318,29.87,95
909,27.83,253
712,25.42,181
4833,23.32,1127
569,25.83,147
592,35.98,213
1235,21.05,260
329,35.26,116
916,27.07,248
351,30.77,108
317,31.23,99
372,28.76,107
582,33.33,194
1182,32.15,380
585,36.58,214
424,28.3,120
494,27.73,137
1378,14.95,206
588,36.56,215
1117,22.11,247
476,20.59,98
1076,19.7,212
792,25.63,203
2950,25.12,741
1068,22.38,239
714,22.97,164
1031,18.62,192
3559,23.57,839
789,24.46,193
579,22.45,130
819,19.54,160
615,22.6,139
1439,16.26,234
351,18.52,65
2583,20.98,542
610,31.64,193
974,18.28,178
687,15.87,109
